date,accY,accZ,p1,p2,p3,p4,p5,p6,p7,p8,p9,p10,p11,p12,p13,p14,p15,d1,d2,d3
2014_11_11_15_19_44    289,-1085,466,395,324,697,610,3,54,1,3,3,0,756,432,1,691,800,0.0,3,0
2014_11_11_15_19_44    240,-1032,467,392,246,694,611,2,57,2,2,1,2,755,441,2,692,800,0.0,3,0
2014_11_11_15_19_44    320,-1074,432,389,299,704,602,2,61,2,2,2,1,753,445,1,699,799,0.0,3,0
2014_11_11_15_19_44    320,-1074,432,389,299,704,602,2,61,2,2,2,1,753,445,1,699,799,0.0,3,0
2014_11_11_15_19_44    304,-1098,422,390,334,705,604,1,64,3,2,2,2,754,427,1,707,798,0.0,3,0
2014_11_11_15_19_44    275,-1064,408,390,301,704,605,2,63,2,0,2,2,754,425,1,704,798,0.0,3,0
2014_11_11_15_19_44    275,-1081,408,389,268,699,606,2,62,1,3,1,1,759,431,3,705,797,0.0,3,0
2014_11_11_15_19_44    275,-1081,408,389,268,699,606,2,62,1,3,1,1,759,431,3,705,797,0.0,3,0
2014_11_11_15_19_45    252,-1081,422,392,321,700,606,1,66,2,2,1,4,760,463,2,705,796,0.0,3,0
2014_11_11_15_19_45    268,-1108,406,394,300,699,608,1,57,0,2,2,2,763,477,2,700,795,0.0,3,0
2014_11_11_15_19_45    243,-1049,408,395,280,699,607,1,56,0,2,1,1,772,470,1,703,795,0.0,3,0
2014_11_11_15_19_45    247,-1056,435,396,309,700,608,2,58,2,2,2,2,764,472,2,707,794,0.0,3,0
2014_11_11_15_19_45    249,-1120,417,397,288,700,609,1,57,2,1,2,2,764,447,1,687,794,0.0,3,0
2014_11_11_15_19_45    255,-1058,425,398,300,700,608,2,59,2,3,1,2,765,448,1,685,794,0.0,3,0
2014_11_11_15_19_45    241,-1082,432,400,319,700,610,2,55,2,1,1,2,761,450,2,681,794,0.0,3,0
2014_11_11_15_19_45    261,-1069,406,402,364,702,611,1,54,1,1,2,4,762,457,1,676,792,0.0,3,0
2014_11_11_15_19_45    259,-1056,403,400,369,699,611,2,57,2,2,4,0,761,458,1,670,792,0.0,3,0
2014_11_11_15_19_45    268,-1064,451,401,365,700,611,2,55,2,2,2,2,767,454,2,670,792,0.0,3,0
2014_11_11_15_19_45    252,-1064,428,401,337,700,610,2,56,2,2,2,1,774,453,3,670,790,0.0,3,0
2014_11_11_15_19_45    268,-1056,449,398,290,699,609,2,56,2,2,2,2,764,450,1,672,790,0.0,3,0
2014_11_11_15_19_45    271,-1028,481,392,269,700,607,1,55,2,1,2,3,770,455,1,676,791,0.0,3,0
2014_11_11_15_19_45    271,-1028,481,392,269,700,607,1,55,2,1,2,3,770,455,1,676,791,0.0,3,0
2014_11_11_15_19_45    268,-1028,480,387,222,698,607,4,54,1,2,1,2,762,451,1,674,789,0.0,3,0
2014_11_11_15_19_45    241,-984,481,386,275,700,607,2,56,1,1,1,0,760,431,2,682,785,0.0,3,0
2014_11_11_15_19_45    238,-982,488,386,320,706,609,2,58,2,1,4,1,761,405,1,685,784,0.0,3,0
2014_11_11_15_19_45    227,-1042,511,385,286,701,610,1,57,0,1,1,2,771,399,2,694,785,0.0,3,0
2014_11_11_15_19_45    248,-1061,503,382,275,699,610,1,58,2,2,1,2,772,436,2,695,780,0.0,3,0
2014_11_11_15_19_45    239,-1065,489,384,369,699,610,3,58,49,3,1,2,766,430,2,696,780,0.0,3,0
2014_11_11_15_19_46    207,-1029,497,386,387,698,606,2,60,0,2,2,2,775,429,2,695,780,0.0,3,0
2014_11_11_15_19_46    217,-1020,489,388,434,704,611,2,58,2,2,2,2,786,455,2,670,786,0.0,3,0
2014_11_11_15_19_46    193,-1057,462,389,449,701,610,2,155,140,1,1,2,806,495,1,671,787,0.0,3,0
2014_11_11_15_19_46    205,-1049,499,391,491,704,609,1,297,188,1,1,1,803,595,2,672,788,0.0,3,0
2014_11_11_15_19_46    185,-1025,467,391,486,702,610,2,323,169,4,1,3,809,604,2,673,787,0.0,3,0
2014_11_11_15_19_46    207,-1136,500,394,464,706,611,2,264,149,1,2,2,792,516,0,671,785,0.0,3,0
2014_11_11_15_19_46    222,-1122,467,395,448,704,611,3,215,134,2,2,5,794,502,1,673,785,0.0,2,0
2014_11_11_15_19_46    248,-1095,504,395,446,705,612,2,297,142,2,2,1,787,502,2,676,784,0.0,2,0
2014_11_11_15_19_46    265,-1125,480,392,458,706,610,2,311,138,1,3,1,788,517,2,680,783,0.0,2,0
2014_11_11_15_19_46    291,-1184,449,392,423,703,610,1,295,178,2,2,2,791,521,1,677,783,0.0,2,0
2014_11_11_15_19_46    252,-1056,447,391,412,702,611,1,64,55,3,1,2,774,501,3,677,787,0.0,2,0
2014_11_11_15_19_46    248,-1053,497,377,346,703,594,1,59,2,4,0,2,725,383,2,682,786,0.0,2,0
2014_11_11_15_19_46    248,-1053,497,377,346,703,594,1,59,2,4,0,2,725,383,2,682,786,0.0,2,0
2014_11_11_15_19_46    227,-1026,472,369,249,672,601,2,60,2,2,2,3,678,330,2,686,782,0.0,2,0
2014_11_11_15_19_46    215,-1016,455,358,206,661,582,2,59,3,2,1,3,623,224,3,685,781,0.0,2,0
2014_11_11_15_19_46    250,-1025,486,360,210,665,588,0,60,3,1,0,1,618,252,1,692,783,0.0,2,0
2014_11_11_15_19_46    295,-1092,466,358,212,636,593,2,112,2,1,2,0,626,303,3,704,785,0.0,3,0
2014_11_11_15_19_46    319,-1071,548,363,196,649,591,2,228,63,2,1,2,635,323,15,725,790,0.0,3,0
2014_11_11_15_19_46    327,-1064,519,391,218,656,582,2,222,108,2,1,3,647,396,42,741,786,0.0,3,0
2014_11_11_15_19_46    323,-1081,519,398,329,653,612,2,160,115,3,1,2,698,419,497,735,785,0.0,3,0
2014_11_11_15_19_47    323,-1081,519,398,329,653,612,2,160,115,3,1,2,698,419,497,735,785,0.0,3,0
2014_11_11_15_19_47    344,-1053,510,410,309,651,619,2,286,129,2,2,0,693,445,476,746,787,0.0,3,0
2014_11_11_15_19_47    368,-1014,559,414,364,660,672,2,306,120,1,1,2,700,461,459,746,784,0.0,0,1
2014_11_11_15_19_47    368,-1014,559,414,364,660,672,2,306,120,1,1,2,700,461,459,746,784,0.0,0,1
2014_11_11_15_19_47    345,-953,523,416,441,670,593,1,342,153,1,0,2,699,464,448,759,784,0.0,0,1
2014_11_11_15_19_47    359,-1025,532,417,486,670,609,2,360,157,1,2,1,708,457,447,766,785,0.0,0,1
2014_11_11_15_19_47    323,-1002,536,419,522,667,649,3,382,154,2,1,0,704,454,445,765,787,0.0,0,1
2014_11_11_15_19_47    336,-1001,583,427,479,656,652,2,368,201,2,1,0,713,448,435,769,785,0.0,0,1
2014_11_11_15_19_47    332,-999,582,401,465,653,590,2,346,217,1,2,2,715,388,427,767,785,0.0,0,1
2014_11_11_15_19_47    342,-994,560,394,428,647,582,2,352,213,1,2,2,713,434,424,767,784,0.0,0,1
2014_11_11_15_19_47    347,-980,608,392,406,628,614,2,353,144,3,2,1,725,463,419,766,785,0.0,0,1
2014_11_11_15_19_47    291,-927,659,408,342,630,644,2,397,152,2,1,2,737,508,421,775,788,0.0,0,1
2014_11_11_15_19_47    246,-922,555,410,368,631,637,2,399,147,1,2,0,745,532,421,783,788,0.0,0,1
2014_11_11_15_19_47    246,-922,555,410,368,631,637,2,399,147,1,2,0,745,532,421,783,788,0.0,0,1
2014_11_11_15_19_47    296,-996,556,416,365,635,642,2,404,154,2,1,1,754,549,418,772,789,0.0,0,1
2014_11_11_15_19_47    312,-999,588,410,352,637,587,2,400,154,2,2,0,747,508,413,759,785,0.0,0,1
2014_11_11_15_19_47    304,-1005,588,399,393,629,578,1,365,145,2,1,1,744,411,410,758,786,0.0,0,1
2014_11_11_15_19_47    299,-880,679,393,341,621,556,2,108,93,2,1,1,733,356,408,749,784,0.0,0,1
2014_11_11_15_19_47    352,-1106,654,383,343,622,556,1,77,130,2,2,2,730,360,406,747,783,0.0,0,1
2014_11_11_15_19_47    352,-1106,654,383,343,622,556,1,77,130,2,2,2,730,360,406,747,783,0.0,0,1
2014_11_11_15_19_48    313,-1121,633,386,384,636,561,2,161,126,2,2,1,738,374,414,752,787,0.0,0,1
2014_11_11_15_19_48    282,-944,679,385,401,637,587,3,83,143,0,2,2,737,386,417,754,791,0.0,0,1
2014_11_11_15_19_48    232,-945,732,397,412,637,600,2,286,141,1,2,0,739,406,418,757,790,0.0,0,1
2014_11_11_15_19_48    327,-1065,616,400,415,639,613,2,336,213,1,2,1,738,482,418,757,789,0.0,0,1
2014_11_11_15_19_48    321,-935,566,403,415,642,611,1,280,213,1,1,4,740,492,417,756,787,0.0,0,1
2014_11_11_15_19_48    304,-932,563,403,410,646,612,1,294,213,3,2,0,740,496,416,757,789,0.0,0,1
2014_11_11_15_19_48    280,-912,679,400,406,638,574,1,163,229,3,2,2,739,494,413,755,785,0.0,0,1
2014_11_11_15_19_48    295,-975,685,392,405,638,578,3,227,224,2,1,2,739,476,411,756,786,0.0,0,1
2014_11_11_15_19_48    300,-968,591,387,401,640,607,2,187,231,2,1,3,741,478,415,756,786,0.0,0,1
2014_11_11_15_19_48    351,-1008,540,388,404,640,600,2,146,238,2,2,2,742,489,417,762,787,0.0,0,1
2014_11_11_15_19_48    326,-953,540,385,404,640,604,2,163,244,1,3,2,740,407,416,764,787,0.0,0,1
2014_11_11_15_19_48    286,-1017,592,385,401,642,615,3,280,241,2,0,2,740,476,414,766,788,0.0,0,1
2014_11_11_15_19_48    280,-940,635,398,426,643,613,2,378,146,3,3,2,742,496,415,768,787,0.0,0,1
2014_11_11_15_19_48    292,-979,617,416,435,647,633,3,409,150,2,0,2,749,553,415,783,790,0.0,0,1
2014_11_11_15_19_48    352,-1038,521,431,466,667,647,2,430,161,450,0,1,756,629,432,801,791,0.0,0,1
2014_11_11_15_19_48    344,-1007,515,427,577,671,650,2,416,190,460,2,1,761,638,444,805,792,0.0,0,1
2014_11_11_15_19_48    284,-1021,551,433,582,671,650,2,414,165,464,2,1,761,641,443,806,792,0.0,0,1
2014_11_11_15_19_48    300,-1025,636,433,581,670,644,2,418,198,472,2,0,757,622,438,812,790,0.0,0,1
2014_11_11_15_19_48    272,-992,664,432,567,667,641,2,404,159,2,2,2,759,569,433,813,789,0.0,0,1
2014_11_11_15_19_48    304,-1001,620,431,546,666,621,2,397,158,2,2,2,752,523,431,799,789,0.0,0,1
2014_11_11_15_19_49    287,-988,591,404,427,653,554,1,209,73,2,5,2,722,422,427,754,783,0.0,0,1
2014_11_11_15_19_49    321,-986,568,399,426,651,551,2,85,40,2,1,2,716,301,425,745,780,0.0,0,1
2014_11_11_15_19_49    275,-1009,603,391,416,654,529,2,168,54,3,2,2,698,304,425,736,778,0.0,0,1
2014_11_11_15_19_49    275,-1009,603,391,416,654,529,2,168,54,3,2,2,698,304,425,736,778,0.0,0,1
2014_11_11_15_19_49    288,-976,622,391,433,660,542,3,148,127,2,0,2,679,392,427,732,783,0.0,0,1
2014_11_11_15_19_49    335,-1025,551,388,435,656,547,2,157,119,2,2,1,682,461,427,733,782,0.0,0,1
2014_11_11_15_19_49    347,-912,531,383,426,655,542,2,219,99,1,2,1,687,397,428,733,783,0.0,0,1
2014_11_11_15_19_49    252,-921,627,385,350,659,503,3,168,125,2,2,1,686,250,424,733,780,0.0,0,1
2014_11_11_15_19_49    262,-1009,675,382,353,643,523,1,192,130,1,3,1,679,361,426,735,782,0.0,0,1
2014_11_11_15_19_49    275,-1061,654,383,330,645,528,3,155,115,1,2,1,680,363,427,739,783,0.0,0,1
2014_11_11_15_19_49    327,-980,595,381,370,651,531,2,220,113,2,2,2,683,298,429,744,783,0.0,0,1
2014_11_11_15_19_49    291,-928,620,384,379,639,555,1,216,126,2,1,2,712,279,428,788,784,0.0,0,1
2014_11_11_15_19_49    342,-940,663,384,383,638,541,2,213,137,1,2,1,708,275,428,798,785,0.0,0,1
2014_11_11_15_19_49    368,-1089,631,380,383,638,566,1,202,136,2,2,2,712,321,428,804,784,0.0,0,1
2014_11_11_15_19_49    343,-980,559,377,391,644,569,2,212,137,4,1,2,721,308,427,810,784,1.0,0,0
2014_11_11_15_19_49    327,-961,609,376,404,636,570,1,155,147,3,1,1,728,321,426,812,784,1.0,0,0
2014_11_11_15_19_49    310,-942,615,376,379,639,561,2,238,149,2,2,0,727,324,428,814,783,1.0,0,0
2014_11_11_15_19_49    311,-959,611,377,396,641,568,1,178,151,2,0,2,727,321,428,811,784,1.0,0,0
2014_11_11_15_19_49    336,-961,620,377,397,639,571,2,192,143,1,1,2,730,309,427,813,785,1.0,0,0
2014_11_11_15_19_49    339,-989,621,377,416,639,570,1,234,151,2,2,1,730,276,427,813,785,1.0,0,0
2014_11_11_15_19_50    342,-933,617,379,413,637,581,1,275,149,2,2,1,730,287,429,817,788,1.0,0,0
2014_11_11_15_19_50    367,-1045,575,382,406,646,584,0,334,186,1,1,3,726,367,434,817,787,1.0,0,0
2014_11_11_15_19_50    336,-989,598,379,386,651,604,2,365,187,1,2,0,726,386,431,822,792,1.0,0,0
2014_11_11_15_19_50    335,-1005,606,377,358,661,605,2,318,160,2,2,1,726,399,428,822,789,1.0,0,0
2014_11_11_15_19_50    335,-1005,606,377,358,661,605,2,318,160,2,2,1,726,399,428,822,789,1.0,0,0
2014_11_11_15_19_50    331,-962,593,377,350,653,605,2,313,155,2,3,2,726,405,429,822,787,1.0,0,0
2014_11_11_15_19_50    348,-962,606,376,443,649,603,1,310,149,1,2,2,728,391,428,823,787,1.0,0,0
2014_11_11_15_19_50    359,-980,593,377,458,650,604,2,347,156,1,2,2,724,387,426,824,788,1.0,0,0
2014_11_11_15_19_50    350,-951,579,378,500,650,608,1,359,157,2,1,4,732,328,430,824,789,1.0,0,0
2014_11_11_15_19_50    355,-936,577,390,448,651,601,2,363,155,2,1,1,737,406,433,824,789,1.0,0,0
2014_11_11_15_19_50    364,-968,572,382,362,653,594,3,391,168,2,1,2,736,418,436,822,790,1.0,0,0
2014_11_11_15_19_50    364,-968,572,382,362,653,594,3,391,168,2,1,2,736,418,436,822,790,1.0,0,0
2014_11_11_15_19_50    355,-977,615,390,385,660,597,2,378,169,1,2,1,735,377,436,822,788,1.0,0,0
2014_11_11_15_19_50    366,-964,611,380,416,654,614,2,115,152,2,1,2,735,385,433,822,788,1.0,0,0
2014_11_11_15_19_50    351,-969,584,375,446,653,585,2,131,148,2,3,2,740,420,432,821,787,1.0,0,0
2014_11_11_15_19_50    351,-950,599,364,403,649,563,3,242,156,1,2,2,737,431,432,821,787,1.0,0,0
2014_11_11_15_19_50    351,-950,599,364,403,649,563,3,242,156,1,2,2,737,431,432,821,787,1.0,0,0
2014_11_11_15_19_50    363,-970,588,392,365,645,584,2,115,157,2,2,1,738,465,432,822,787,1.0,0,0
2014_11_11_15_19_50    383,-999,608,368,461,660,599,2,188,154,2,1,3,722,461,432,824,786,1.0,0,0
2014_11_11_15_19_50    359,-935,599,355,398,666,597,2,84,148,2,4,2,735,463,433,822,787,1.0,0,0
2014_11_11_15_19_51    369,-984,600,373,327,662,584,1,192,151,1,2,2,736,466,434,823,787,1.0,0,0
2014_11_11_15_19_51    359,-967,608,374,329,667,586,2,239,163,3,1,0,734,469,436,823,787,1.0,0,0
2014_11_11_15_19_51    356,-975,593,376,377,665,590,2,227,155,0,1,2,736,473,436,823,787,1.0,0,0
2014_11_11_15_19_51    368,-970,598,377,409,667,583,1,143,151,2,2,2,737,459,435,823,787,1.0,0,0
2014_11_11_15_19_51    368,-989,599,373,460,666,588,1,230,162,3,2,2,734,471,437,824,786,1.0,0,0
2014_11_11_15_19_51    381,-942,601,371,445,668,588,1,215,163,1,2,3,739,475,441,824,787,1.0,0,0
2014_11_11_15_19_51    368,-961,604,377,446,668,590,2,310,167,2,1,1,736,505,440,822,788,1.0,0,0
2014_11_11_15_19_51    364,-970,615,379,432,667,588,2,321,166,0,1,2,735,505,441,819,787,1.0,0,0
2014_11_11_15_19_51    369,-950,627,383,407,668,586,1,321,257,2,2,2,737,512,440,818,790,1.0,0,0
2014_11_11_15_19_51    369,-950,627,383,407,668,586,1,321,257,2,2,2,737,512,440,818,790,1.0,0,0
2014_11_11_15_19_51    368,-912,611,385,402,668,588,3,328,241,2,1,2,736,517,440,818,788,1.0,0,0
2014_11_11_15_19_51    352,-948,647,390,399,668,588,1,326,162,2,2,3,736,517,441,819,789,1.0,0,0
2014_11_11_15_19_51    359,-973,606,391,404,668,588,2,323,244,1,2,1,736,510,447,819,788,1.0,0,0
2014_11_11_15_19_51    371,-948,595,389,399,660,589,1,278,233,3,2,2,736,489,442,819,789,1.0,0,0
2014_11_11_15_19_51    371,-961,620,391,409,669,589,2,318,231,1,4,2,734,513,444,820,788,1.0,0,0
2014_11_11_15_19_51    355,-961,614,391,421,668,590,2,320,240,2,1,1,734,515,451,820,788,1.0,0,0
2014_11_11_15_19_51    359,-943,600,392,385,668,589,1,298,255,2,3,1,731,514,452,821,787,1.0,0,0
2014_11_11_15_19_51    364,-917,606,392,401,667,583,1,253,262,0,2,2,729,508,446,820,788,1.0,0,0
2014_11_11_15_19_51    352,-957,620,394,437,666,584,2,256,245,2,1,2,731,513,445,820,788,1.0,0,0
2014_11_11_15_19_51    367,-935,635,393,435,666,583,2,254,250,1,2,2,728,518,444,821,789,1.0,0,0
2014_11_11_15_19_52    368,-941,595,388,435,666,586,0,267,227,2,2,4,728,522,447,822,788,1.0,0,0
2014_11_11_15_19_52    375,-985,615,388,414,668,587,1,298,243,1,2,1,729,539,446,823,788,1.0,0,0
2014_11_11_15_19_52    368,-912,639,392,388,667,592,1,256,217,2,1,2,728,553,453,822,788,1.0,0,0
2014_11_11_15_19_52    355,-932,624,396,423,668,589,1,261,208,2,1,2,728,530,460,821,789,1.0,0,0
2014_11_11_15_19_52    382,-953,624,394,440,670,584,2,318,211,3,1,3,726,530,454,826,791,1.0,0,0
2014_11_11_15_19_52    384,-957,616,393,411,669,583,1,263,210,0,3,3,723,510,448,826,791,1.0,0,0
2014_11_11_15_19_52    390,-1017,625,388,408,670,574,2,291,207,2,2,3,723,507,446,826,790,1.0,0,0
2014_11_11_15_19_52    435,-1141,643,385,401,649,569,2,243,159,2,0,1,714,506,443,824,789,1.0,0,0
2014_11_11_15_19_52    440,-1122,583,385,415,670,571,3,211,173,2,2,2,711,568,446,822,788,1.0,0,0
2014_11_11_15_19_52    396,-996,520,383,423,669,540,1,315,164,1,1,2,701,527,446,823,783,1.0,0,0
2014_11_11_15_19_52    253,-777,696,385,411,669,513,2,295,150,5,2,2,705,515,443,800,778,1.0,0,0
2014_11_11_15_19_52    253,-777,696,385,411,669,513,2,295,150,5,2,2,705,515,443,800,778,1.0,0,0
2014_11_11_15_19_52    271,-833,675,381,400,667,528,1,255,151,1,2,1,718,507,443,793,778,1.0,0,0
2014_11_11_15_19_52    318,-993,646,379,411,667,541,2,235,148,2,2,1,715,518,443,792,778,1.0,0,0
2014_11_11_15_19_52    312,-1114,519,379,432,669,586,2,108,128,1,1,1,688,487,439,791,781,1.0,0,0
2014_11_11_15_19_52    368,-1229,521,373,334,657,592,2,188,127,2,3,1,694,473,437,788,779,1.0,0,0
2014_11_11_15_19_52    361,-1112,483,373,384,660,578,1,48,152,3,2,3,688,435,437,788,778,1.0,0,0
2014_11_11_15_19_52    332,-864,519,373,387,659,577,2,159,111,0,2,2,691,438,439,788,778,1.0,0,0
2014_11_11_15_19_52    355,-904,606,371,376,657,597,2,157,143,1,2,2,691,450,441,789,779,1.0,0,0
2014_11_11_15_19_52    387,-1033,622,371,390,657,601,2,219,144,2,2,1,704,499,440,788,780,1.0,0,0
2014_11_11_15_19_53    358,-944,575,366,275,659,598,3,214,213,2,2,2,706,428,440,789,779,1.0,0,0
2014_11_11_15_19_53    353,-997,577,361,278,661,601,2,188,123,3,2,1,675,459,440,790,778,1.0,0,0
2014_11_11_15_19_53    353,-961,569,363,318,664,606,1,216,203,3,2,1,684,425,440,791,777,1.0,0,0
2014_11_11_15_19_53    353,-961,569,363,318,664,606,1,216,203,3,2,1,684,425,440,791,777,1.0,0,0
2014_11_11_15_19_53    326,-962,590,366,398,669,611,2,240,144,2,2,2,694,425,441,788,776,1.0,0,0
2014_11_11_15_19_53    359,-948,558,365,415,672,622,1,206,143,2,2,2,712,468,442,788,777,1.0,0,0
2014_11_11_15_19_53    379,-1028,601,365,416,673,618,2,197,147,2,2,2,717,543,441,788,776,1.0,0,0
2014_11_11_15_19_53    348,-949,568,366,407,669,613,2,191,135,2,2,2,702,519,440,789,776,1.0,0,0
2014_11_11_15_19_53    380,-1001,568,363,407,670,615,1,172,134,2,2,2,708,511,440,785,777,1.0,0,0
2014_11_11_15_19_53    382,-997,579,365,409,671,612,2,194,191,1,2,1,707,510,442,782,773,1.0,0,0
2014_11_11_15_19_53    359,-993,580,365,414,671,615,2,222,191,2,2,1,707,512,442,782,775,1.0,0,0
2014_11_11_15_19_53    345,-960,572,364,423,670,608,2,144,124,2,1,2,702,505,440,780,775,1.0,0,0
2014_11_11_15_19_53    368,-928,576,365,422,671,614,2,223,186,2,1,3,706,515,441,780,775,1.0,0,0
2014_11_11_15_19_53    364,-943,592,365,423,671,616,2,210,210,2,1,1,705,524,442,781,775,1.0,0,0
2014_11_11_15_19_53    384,-1052,577,366,421,672,615,2,218,222,1,2,2,705,519,442,782,775,1.0,0,0
2014_11_11_15_19_53    364,-913,563,365,424,673,612,2,224,221,1,2,1,708,502,443,780,774,1.0,0,0
2014_11_11_15_19_53    387,-1012,584,365,427,671,618,2,167,219,2,1,2,709,506,444,781,774,1.0,0,0
2014_11_11_15_19_53    387,-1000,578,365,429,672,624,0,176,219,2,1,2,704,506,445,781,773,1.0,0,0
2014_11_11_15_19_53    368,-970,572,366,423,674,617,1,165,137,1,1,2,702,504,446,782,774,1.0,0,0
2014_11_11_15_19_53    364,-927,575,366,426,673,616,3,165,214,2,0,2,705,538,447,786,774,1.0,0,0
2014_11_11_15_19_54    371,-996,579,377,430,674,606,2,232,196,1,0,2,704,530,447,789,774,1.0,0,0
2014_11_11_15_19_54    364,-975,575,369,435,675,608,3,280,195,2,1,2,714,534,446,789,775,1.0,0,0
2014_11_11_15_19_54    367,-951,569,370,411,674,601,2,214,195,2,2,1,726,536,447,788,772,1.0,0,0
2014_11_11_15_19_54    364,-980,560,365,395,672,603,2,208,195,2,2,1,728,538,445,788,775,1.0,0,0
2014_11_11_15_19_54    380,-1010,575,367,392,673,603,2,229,134,1,2,2,726,543,446,791,776,1.0,0,0
2014_11_11_15_19_54    380,-961,575,368,340,672,605,2,204,132,1,1,1,722,546,446,790,773,1.0,0,0
2014_11_11_15_19_54    380,-964,545,359,349,673,602,2,202,151,2,0,1,714,552,444,798,773,1.0,0,0
2014_11_11_15_19_54    367,-953,588,360,357,668,602,3,260,132,2,2,5,716,556,448,796,774,1.0,0,0
2014_11_11_15_19_54    365,-996,588,365,271,662,602,2,204,143,2,2,2,713,557,447,803,774,1.0,0,0
2014_11_11_15_19_54    383,-944,561,359,273,663,602,2,235,163,2,2,2,707,555,448,794,773,1.0,0,0
2014_11_11_15_19_54    366,-976,569,364,287,664,603,1,230,164,1,3,0,685,557,447,794,773,1.0,0,0
2014_11_11_15_19_54    369,-1009,584,365,267,663,596,1,251,162,3,2,2,709,556,447,794,773,1.0,0,0
2014_11_11_15_19_54    356,-932,603,367,351,664,603,2,271,170,2,2,2,706,556,449,801,773,1.0,0,0
2014_11_11_15_19_54    377,-993,598,366,349,662,604,2,218,174,2,1,2,704,553,449,810,773,1.0,0,0
2014_11_11_15_19_54    368,-977,575,363,354,663,597,2,260,165,1,2,1,684,555,448,813,773,2.0,0,0
2014_11_11_15_19_54    382,-973,583,362,334,664,594,2,223,165,3,2,2,681,554,449,813,773,2.0,0,0
2014_11_11_15_19_54    371,-965,582,364,330,663,597,1,244,137,4,0,3,680,556,449,814,774,2.0,0,0
2014_11_11_15_19_54    367,-963,572,360,352,665,567,4,299,131,1,1,3,682,557,449,817,774,2.0,0,0
2014_11_11_15_19_54    368,-951,590,367,360,666,592,2,260,137,2,1,2,686,553,448,814,774,2.0,0,0
2014_11_11_15_19_54    375,-976,575,365,355,666,590,2,200,125,1,2,1,701,554,450,813,774,2.0,0,0
2014_11_11_15_19_55    379,-957,590,354,360,667,589,3,225,146,3,3,1,704,559,447,815,773,2.0,0,0
2014_11_11_15_19_55    368,-945,565,354,326,665,589,1,181,149,1,2,2,696,559,447,815,774,2.0,0,0
2014_11_11_15_19_55    371,-968,542,356,280,666,583,2,183,142,2,0,2,693,562,448,815,773,2.0,0,0
2014_11_11_15_19_55    384,-1009,590,354,278,666,586,2,207,124,2,2,2,692,559,448,814,775,2.0,0,0
2014_11_11_15_19_55    352,-961,590,359,326,666,588,2,216,127,1,2,1,692,567,448,816,773,2.0,0,0
2014_11_11_15_19_55    359,-961,587,357,258,666,588,1,243,122,0,3,2,694,567,448,815,773,2.0,0,0
2014_11_11_15_19_55    355,-970,575,353,261,665,589,2,199,138,2,1,0,695,564,446,816,774,2.0,0,0
2014_11_11_15_19_55    348,-937,575,282,265,664,584,1,236,128,2,2,0,692,553,445,815,772,2.0,0,0
2014_11_11_15_19_55    353,-991,600,352,288,665,597,1,192,123,1,2,1,694,550,447,816,774,2.0,0,0
2014_11_11_15_19_55    387,-924,544,341,360,670,612,2,254,145,1,2,2,680,541,450,818,778,2.0,0,0
2014_11_11_15_19_55    438,-1108,542,373,351,678,626,2,407,153,1,2,3,689,535,458,807,776,2.0,0,0
2014_11_11_15_19_55    383,-1008,535,387,473,679,619,2,450,181,3,2,2,699,529,464,819,776,2.0,0,0
2014_11_11_15_19_55    388,-960,520,395,458,671,629,1,454,151,2,2,2,706,515,465,800,778,2.0,0,0
2014_11_11_15_19_55    344,-985,520,381,443,673,595,2,413,169,1,2,2,709,513,454,790,776,2.0,0,0
2014_11_11_15_19_55    326,-900,536,383,361,676,573,2,321,154,2,1,2,704,510,446,779,771,2.0,0,0
2014_11_11_15_19_55    325,-977,611,383,301,675,543,1,244,192,2,2,2,705,507,447,776,772,2.0,0,0
2014_11_11_15_19_55    327,-1037,568,378,331,677,560,0,296,190,2,1,3,712,498,447,775,771,2.0,0,0
2014_11_11_15_19_55    327,-980,535,395,390,678,601,2,368,206,4,2,1,719,484,450,773,772,2.0,0,0
2014_11_11_15_19_55    358,-1002,566,400,397,678,597,1,387,206,1,2,2,721,487,449,772,772,2.0,0,0
2014_11_11_15_19_55    376,-960,559,400,386,677,597,2,303,171,2,1,3,718,510,448,770,774,2.0,0,0
2014_11_11_15_19_56    376,-960,559,400,386,677,597,2,303,171,2,1,3,718,510,448,770,774,2.0,0,0
2014_11_11_15_19_56    399,-964,555,384,367,674,584,2,248,150,1,2,1,711,463,448,769,770,2.0,0,0
2014_11_11_15_19_56    383,-1049,560,375,247,670,592,1,243,157,1,2,1,714,454,447,769,770,2.0,0,0
2014_11_11_15_19_56    390,-1017,547,370,396,663,611,1,245,151,2,1,3,715,517,447,789,770,2.0,0,0
2014_11_11_15_19_56    355,-919,542,377,378,661,594,3,50,137,2,1,2,718,493,445,789,769,2.0,0,0
2014_11_11_15_19_56    387,-889,571,230,348,653,601,0,148,134,0,0,2,721,507,449,791,771,2.0,0,0
2014_11_11_15_19_56    399,-1008,577,385,358,650,605,2,160,150,2,2,1,718,509,450,786,769,2.0,0,0
2014_11_11_15_19_56    406,-997,551,388,360,657,610,2,79,167,2,2,2,719,508,452,789,771,2.0,0,0
2014_11_11_15_19_56    406,-997,551,388,360,657,610,2,79,167,2,2,2,719,508,452,789,771,2.0,0,0
2014_11_11_15_19_56    383,-975,568,381,367,657,618,2,317,177,2,1,2,720,516,453,794,772,2.0,0,0
2014_11_11_15_19_56    391,-978,575,415,391,661,621,2,322,181,2,2,2,723,523,454,800,771,2.0,0,0
2014_11_11_15_19_56    380,-968,575,420,396,664,618,2,326,180,0,0,2,722,528,454,802,772,2.0,0,0
2014_11_11_15_19_56    377,-947,588,422,387,664,613,1,355,193,2,2,2,724,527,456,802,774,2.0,0,0
2014_11_11_15_19_56    385,-974,591,425,402,664,618,2,356,192,2,3,1,722,529,455,803,773,2.0,0,0
2014_11_11_15_19_56    395,-989,596,422,405,664,618,2,381,193,2,1,2,722,527,455,804,774,2.0,0,0
2014_11_11_15_19_56    369,-943,591,425,396,664,620,2,403,188,1,2,2,722,530,453,804,774,2.0,0,0
2014_11_11_15_19_56    385,-975,591,422,412,663,618,2,393,190,2,2,2,721,540,455,806,773,2.0,0,0
2014_11_11_15_19_56    375,-945,577,427,433,664,619,1,390,187,2,0,2,721,536,459,806,773,2.0,0,0
2014_11_11_15_19_56    369,-957,590,427,432,664,624,1,395,188,2,2,2,722,538,466,805,773,2.0,0,0
2014_11_11_15_19_56    398,-976,590,422,433,664,623,2,397,184,2,1,2,722,539,457,807,774,2.0,0,0
2014_11_11_15_19_57    391,-945,611,427,433,665,621,2,390,182,2,2,1,722,537,468,809,773,2.0,0,0
2014_11_11_15_19_57    368,-1000,599,425,436,663,625,1,398,183,1,2,2,720,540,471,808,771,2.0,0,0
2014_11_11_15_19_57    361,-954,585,431,434,664,627,2,390,182,2,2,1,722,540,474,809,773,2.0,0,0
2014_11_11_15_19_57    380,-943,615,430,434,665,631,1,393,184,2,2,1,719,540,472,807,774,2.0,0,0
2014_11_11_15_19_57    360,-928,615,431,434,665,632,3,393,191,2,2,2,715,540,473,808,773,2.0,0,0
2014_11_11_15_19_57    359,-932,621,430,434,665,628,2,393,188,2,1,2,715,543,473,806,772,2.0,0,0
2014_11_11_15_19_57    371,-968,607,432,428,664,632,4,379,182,1,1,2,717,542,461,807,773,2.0,0,0
2014_11_11_15_19_57    368,-928,617,427,416,664,631,2,382,185,2,2,2,719,538,459,806,774,2.0,0,0
2014_11_11_15_19_57    371,-957,624,427,399,663,634,2,382,179,2,3,1,721,540,457,805,773,2.0,0,0
2014_11_11_15_19_57    382,-928,624,424,408,661,631,2,374,186,2,1,1,720,538,456,805,775,2.0,0,0
2014_11_11_15_19_57    414,-1002,624,425,402,661,632,0,376,186,1,2,2,723,541,453,802,782,2.0,0,0
2014_11_11_15_19_57    414,-1002,624,425,402,661,632,0,376,186,1,2,2,723,541,453,802,782,2.0,0,0
2014_11_11_15_19_57    387,-949,606,425,396,657,623,2,369,181,2,1,1,722,538,448,799,781,2.0,0,0
2014_11_11_15_19_57    398,-926,614,400,383,653,626,1,359,177,1,0,2,723,535,448,798,776,2.0,0,0
2014_11_11_15_19_57    390,-951,615,401,285,651,616,2,275,167,2,2,3,719,527,446,795,775,2.0,0,0
2014_11_11_15_19_57    380,-1060,558,391,287,670,618,2,276,161,2,2,2,720,530,447,796,775,2.0,0,0
2014_11_11_15_19_57    399,-994,614,398,291,669,615,0,307,167,3,2,2,720,532,449,796,775,2.0,0,0
2014_11_11_15_19_57    399,-1010,674,405,325,667,622,2,386,163,2,1,0,719,547,453,784,774,2.0,0,0
2014_11_11_15_19_57    319,-832,647,435,415,681,629,2,386,197,0,2,1,717,520,460,781,775,2.0,0,0
2014_11_11_15_19_57    299,-940,583,430,420,687,619,1,398,164,1,2,2,723,553,463,780,774,2.0,0,0
2014_11_11_15_19_58    273,-817,639,443,410,676,621,1,400,233,2,1,2,717,536,457,776,773,2.0,0,0
2014_11_11_15_19_58    271,-792,636,410,412,675,627,2,407,167,2,2,2,726,533,451,774,773,2.0,0,0
2014_11_11_15_19_58    344,-1031,667,409,418,679,634,2,411,192,1,2,1,716,554,454,774,776,2.0,0,0
2014_11_11_15_19_58    399,-1009,568,415,399,671,632,3,362,179,1,1,2,718,552,447,771,772,2.0,0,0
2014_11_11_15_19_58    377,-1021,556,419,441,671,652,2,378,150,1,2,2,711,550,446,771,771,2.0,0,0
2014_11_11_15_19_58    371,-1016,614,410,439,673,655,2,368,149,2,2,1,712,534,443,763,771,2.0,0,0
2014_11_11_15_19_58    371,-1016,614,410,439,673,655,2,368,149,2,2,1,712,534,443,763,771,2.0,0,0
2014_11_11_15_19_58    359,-957,633,409,447,671,661,2,318,150,2,1,1,716,528,446,763,770,2.0,0,0
2014_11_11_15_19_58    393,-961,608,417,456,672,658,3,349,203,3,2,2,713,525,448,765,770,2.0,0,0
2014_11_11_15_19_58    339,-1044,615,422,456,673,660,2,365,192,2,1,2,722,528,449,766,771,2.0,0,0
2014_11_11_15_19_58    368,-900,608,419,456,671,662,1,368,201,2,2,1,718,532,451,768,770,2.0,0,0
2014_11_11_15_19_58    358,-1021,632,421,459,672,664,2,372,195,2,1,4,722,533,453,767,770,2.0,0,0
2014_11_11_15_19_58    355,-943,614,425,456,677,661,2,380,198,2,0,0,739,546,452,767,770,2.0,0,0
2014_11_11_15_19_58    335,-968,627,424,453,676,662,1,378,198,1,1,2,743,546,451,766,771,2.0,0,0
2014_11_11_15_19_58    344,-941,599,423,464,677,676,2,376,205,3,2,2,746,541,451,769,770,2.0,0,0
2014_11_11_15_19_58    359,-924,595,422,464,676,684,2,384,154,2,2,1,752,501,447,752,769,2.0,0,0
2014_11_11_15_19_58    384,-943,559,419,458,666,682,2,344,179,1,2,2,751,513,448,743,768,2.0,0,0
2014_11_11_15_19_58    399,-1032,623,423,444,667,687,2,331,162,1,2,1,751,517,446,757,768,2.0,0,0
2014_11_11_15_19_58    390,-936,608,421,410,663,683,2,330,138,2,3,2,743,524,444,755,769,2.0,0,0
2014_11_11_15_19_58    377,-961,611,311,404,660,678,1,272,151,1,2,2,739,538,442,761,767,2.0,0,0
2014_11_11_15_19_59    364,-940,591,312,412,658,672,2,299,158,1,2,2,740,530,443,761,767,2.0,0,0
2014_11_11_15_19_59    366,-997,604,325,411,661,678,2,375,210,2,2,2,742,536,442,762,767,2.0,0,0
2014_11_11_15_19_59    352,-936,606,398,416,663,674,3,371,155,1,2,2,743,540,443,763,767,2.0,0,0
2014_11_11_15_19_59    380,-978,590,394,415,664,681,2,370,193,1,2,2,744,543,441,763,766,2.0,0,0
2014_11_11_15_19_59    379,-965,592,418,416,662,682,2,376,196,1,1,1,744,551,444,764,766,2.0,0,0
2014_11_11_15_19_59    403,-978,582,421,406,660,684,2,344,203,2,1,2,742,551,445,764,768,2.0,0,0
2014_11_11_15_19_59    406,-916,591,423,411,659,685,1,313,217,2,1,2,742,550,446,764,767,2.0,0,0
2014_11_11_15_19_59    406,-952,583,422,401,662,679,3,335,221,1,3,2,743,549,447,764,767,2.0,0,0
2014_11_11_15_19_59    380,-917,572,425,408,666,668,2,335,198,2,2,1,738,547,447,764,767,2.0,0,0
2014_11_11_15_19_59    406,-983,591,423,403,666,673,1,332,158,1,1,2,738,549,450,762,767,2.0,0,0
2014_11_11_15_19_59    412,-929,588,423,399,666,665,1,329,157,2,2,1,739,546,447,763,767,2.0,0,0
2014_11_11_15_19_59    412,-985,596,426,405,667,660,2,326,129,2,1,2,738,548,448,764,766,2.0,0,0
2014_11_11_15_19_59    384,-975,569,426,400,668,655,2,327,174,1,1,2,736,545,447,764,766,2.0,0,0
2014_11_11_15_19_59    369,-928,591,427,397,670,659,1,327,145,2,0,1,737,543,448,764,767,2.0,0,0
2014_11_11_15_19_59    382,-936,624,423,396,671,657,0,339,174,2,1,2,738,544,447,764,766,2.0,0,0
2014_11_11_15_19_59    391,-991,583,423,387,670,637,2,332,144,1,2,2,734,546,445,765,767,3.0,0,0
2014_11_11_15_19_59    390,-961,583,425,407,670,637,1,342,153,1,2,1,736,548,447,764,766,3.0,0,0
2014_11_11_15_19_59    372,-976,583,421,413,670,633,1,336,150,2,0,2,737,553,447,764,766,3.0,0,0
2014_11_11_15_19_59    383,-960,612,420,417,671,633,2,342,148,4,3,4,738,554,447,767,767,3.0,0,0
2014_11_11_15_19_59    369,-953,608,423,410,670,631,2,329,214,2,2,1,738,555,447,766,767,3.0,0,0
2014_11_11_15_20_00    395,-991,577,424,412,670,627,2,340,149,1,1,2,737,556,448,766,766,3.0,0,0
2014_11_11_15_20_00    404,-945,600,423,414,670,628,2,346,155,2,1,1,736,556,449,769,767,3.0,0,0
2014_11_11_15_20_00    368,-929,575,423,420,671,623,1,351,149,3,4,2,737,559,447,778,767,3.0,0,0
2014_11_11_15_20_00    368,-929,568,424,409,669,623,1,338,149,1,2,0,738,559,447,778,767,3.0,0,0
2014_11_11_15_20_00    387,-977,583,423,411,670,620,2,346,192,2,2,2,737,562,446,780,766,3.0,0,0
2014_11_11_15_20_00    395,-948,601,426,411,669,617,2,334,198,1,2,1,740,559,447,779,769,3.0,0,0
2014_11_11_15_20_00    395,-948,601,426,411,669,617,2,334,198,1,2,1,740,559,447,779,769,3.0,0,0
2014_11_11_15_20_00    383,-925,591,424,424,670,616,0,338,203,2,0,2,737,559,447,776,768,3.0,0,0
2014_11_11_15_20_00    375,-1008,575,415,419,670,618,2,343,204,3,1,1,737,558,447,772,768,3.0,0,0
2014_11_11_15_20_00    396,-964,583,410,405,671,614,1,347,197,2,2,2,734,557,442,768,767,3.0,0,0
2014_11_11_15_20_00    396,-964,583,410,405,671,614,1,347,197,2,2,2,734,557,442,768,767,3.0,0,0
2014_11_11_15_20_00    387,-941,583,402,402,669,614,2,361,187,1,2,1,732,555,443,768,767,3.0,0,0
2014_11_11_15_20_00    380,-965,572,403,395,669,614,2,369,192,2,1,1,731,558,444,767,768,3.0,0,0
2014_11_11_15_20_00    391,-991,595,401,399,669,614,2,367,193,1,2,2,732,557,443,769,767,3.0,0,0
2014_11_11_15_20_00    380,-944,595,400,398,670,611,2,364,195,2,2,2,730,553,441,768,768,3.0,0,0
2014_11_11_15_20_00    384,-958,563,403,305,669,606,2,330,194,3,2,1,709,556,442,765,767,3.0,0,0
2014_11_11_15_20_00    392,-968,560,396,305,669,607,2,388,196,1,1,2,730,554,443,766,768,3.0,0,0
2014_11_11_15_20_00    383,-992,556,397,305,669,608,0,359,194,2,2,2,730,554,443,766,767,3.0,0,0
2014_11_11_15_20_00    372,-953,560,393,322,666,609,1,385,192,2,2,1,729,553,444,765,767,3.0,0,0
2014_11_11_15_20_00    377,-997,558,395,317,668,611,0,400,201,2,2,2,725,553,445,769,767,3.0,0,0
2014_11_11_15_20_00    363,-964,560,397,320,669,611,2,392,208,2,1,3,726,557,446,774,768,3.0,0,0
2014_11_11_15_20_01    371,-980,574,394,324,669,611,0,385,204,2,2,1,729,559,445,771,769,3.0,0,0
2014_11_11_15_20_01    377,-993,579,393,300,669,607,2,393,197,2,6,2,727,556,446,758,769,3.0,0,0
2014_11_11_15_20_01    375,-964,563,393,326,669,595,2,389,196,2,2,1,727,555,446,755,768,3.0,0,0
2014_11_11_15_20_01    371,-964,559,390,332,667,587,2,394,201,2,2,1,729,553,444,754,768,3.0,0,0
2014_11_11_15_20_01    371,-964,559,390,332,667,587,2,394,201,2,2,1,729,553,444,754,768,3.0,0,0
2014_11_11_15_20_01    377,-989,567,390,328,666,582,2,386,200,2,4,3,730,553,447,759,768,3.0,0,0
2014_11_11_15_20_01    374,-973,562,387,281,667,575,2,371,148,2,2,1,729,553,445,759,770,3.0,0,0
2014_11_11_15_20_01    391,-1010,543,388,281,668,576,2,336,126,2,2,4,729,553,447,757,770,3.0,0,0
2014_11_11_15_20_01    389,-1000,542,384,276,666,576,1,364,124,3,3,1,729,552,447,754,769,3.0,0,0
2014_11_11_15_20_01    406,-989,540,383,277,667,579,1,361,121,2,4,0,727,550,447,755,769,3.0,0,0
2014_11_11_15_20_01    395,-1004,551,382,278,666,581,2,360,124,2,2,2,727,552,448,756,770,3.0,0,0
2014_11_11_15_20_01    368,-985,550,381,279,667,574,1,346,120,1,2,2,725,553,447,755,769,3.0,0,0
2014_11_11_15_20_01    364,-1002,560,374,275,666,568,2,337,135,1,1,1,725,555,447,755,769,3.0,0,0
2014_11_11_15_20_01    367,-989,520,372,262,667,569,2,296,128,0,1,2,723,551,447,754,769,3.0,0,0
2014_11_11_15_20_01    359,-1009,542,372,266,666,569,2,298,145,2,2,2,724,550,446,753,769,3.0,0,0
2014_11_11_15_20_01    365,-960,519,371,264,665,570,2,309,167,2,0,1,722,553,447,759,769,3.0,0,0
2014_11_11_15_20_01    378,-984,535,365,259,665,569,1,267,182,1,2,2,726,551,446,763,766,3.0,0,0
2014_11_11_15_20_01    387,-1031,561,363,263,663,570,1,296,183,1,2,0,725,555,446,761,769,3.0,0,0
2014_11_11_15_20_01    374,-1048,499,371,266,665,570,2,304,181,2,2,2,728,555,445,752,770,3.0,0,0
2014_11_11_15_20_01    353,-1024,531,365,269,664,564,2,322,180,1,2,1,723,553,444,741,768,3.0,0,0
2014_11_11_15_20_02    367,-1064,569,369,249,666,561,1,337,151,2,2,0,713,539,443,739,764,3.0,0,0
2014_11_11_15_20_02    326,-922,571,321,277,684,569,1,358,207,1,2,2,683,500,441,741,766,3.0,0,0
2014_11_11_15_20_02    320,-996,536,321,326,685,579,2,357,192,2,2,2,676,493,440,736,767,3.0,0,0
2014_11_11_15_20_02    336,-1087,483,366,321,670,612,2,202,106,2,3,2,685,515,439,734,765,3.0,0,0
2014_11_11_15_20_02    355,-976,480,343,326,669,619,1,249,92,2,1,3,683,520,441,733,763,3.0,0,0
2014_11_11_15_20_02    371,-1090,455,338,336,669,609,2,213,88,2,1,1,673,522,437,730,765,3.0,0,0
2014_11_11_15_20_02    399,-1069,478,334,334,669,620,1,228,82,2,3,2,685,510,439,730,764,3.0,0,0
2014_11_11_15_20_02    359,-1034,476,334,218,665,667,1,235,4,2,0,1,690,524,438,722,765,3.0,0,0
2014_11_11_15_20_02    380,-1021,566,357,256,674,671,2,239,39,1,1,2,701,537,438,722,764,3.0,0,0
2014_11_11_15_20_02    359,-904,531,359,251,675,673,2,235,19,2,2,2,697,535,440,722,764,3.0,0,0
2014_11_11_15_20_02    345,-925,519,359,233,688,675,2,241,12,1,3,1,696,531,438,717,764,3.0,0,0
2014_11_11_15_20_02    398,-1111,473,325,226,694,675,2,233,2,1,1,2,698,522,435,720,763,3.0,0,0
2014_11_11_15_20_02    347,-948,483,351,211,695,672,2,241,2,2,2,2,691,530,439,725,763,3.0,0,0
2014_11_11_15_20_02    359,-1036,505,358,222,698,671,1,219,1,2,2,2,695,521,439,728,764,3.0,0,0
2014_11_11_15_20_02    361,-938,515,354,236,695,668,2,166,2,1,1,2,703,552,439,731,765,3.0,0,0
2014_11_11_15_20_02    361,-938,515,354,236,695,668,2,166,2,1,1,2,703,552,439,731,765,3.0,0,0
2014_11_11_15_20_02    359,-1006,536,355,304,696,669,1,179,2,2,2,1,708,526,438,733,761,3.0,0,0
2014_11_11_15_20_02    396,-914,520,354,307,697,672,1,186,2,2,1,2,713,555,442,738,763,3.0,0,0
2014_11_11_15_20_02    382,-953,506,355,321,696,671,0,240,2,1,1,3,723,535,442,742,761,3.0,0,0
2014_11_11_15_20_03    408,-1033,537,356,321,697,673,1,235,7,2,2,2,730,550,441,743,764,3.0,0,0
2014_11_11_15_20_03    393,-1009,524,357,320,697,672,0,243,6,2,1,4,733,525,440,744,765,3.0,0,0
2014_11_11_15_20_03    372,-962,540,360,326,688,671,2,243,2,2,2,2,734,519,442,744,763,3.0,0,0
2014_11_11_15_20_03    358,-960,519,361,323,691,672,1,253,5,2,2,2,738,524,443,744,763,3.0,0,0
2014_11_11_15_20_03    382,-976,510,360,326,686,672,3,253,1,2,0,2,737,527,443,743,764,3.0,0,0
2014_11_11_15_20_03    396,-1057,550,362,323,685,672,2,253,2,2,1,3,736,531,443,743,761,3.0,0,0
2014_11_11_15_20_03    384,-993,542,359,322,672,673,2,258,0,2,2,2,735,521,441,745,763,3.0,0,0
2014_11_11_15_20_03    396,-988,531,360,319,674,673,0,258,2,2,2,2,734,523,439,745,764,3.0,0,0
2014_11_11_15_20_03    407,-999,547,357,289,675,669,2,261,1,3,2,1,733,524,440,746,763,3.0,0,0
2014_11_11_15_20_03    390,-1037,508,357,255,673,670,1,264,2,1,2,2,729,523,439,745,761,3.0,0,0
2014_11_11_15_20_03    403,-1056,503,340,244,671,609,1,257,3,3,2,1,715,518,438,742,763,3.0,0,0
2014_11_11_15_20_03    396,-916,519,148,222,672,611,2,256,2,0,2,2,720,492,440,745,764,3.0,0,0
2014_11_11_15_20_03    382,-959,531,19,220,674,607,2,259,2,2,2,1,720,494,435,745,763,3.0,0,0
2014_11_11_15_20_03    403,-993,544,90,226,672,608,1,262,105,3,1,2,721,509,435,744,762,3.0,0,0
2014_11_11_15_20_03    403,-993,544,90,226,672,608,1,262,105,3,1,2,721,509,435,744,762,3.0,0,0
2014_11_11_15_20_03    409,-1008,536,104,230,672,603,3,259,135,1,2,1,719,513,439,744,762,3.0,0,0
2014_11_11_15_20_03    406,-1034,511,18,222,672,591,2,258,129,4,1,1,716,511,438,744,763,3.0,0,0
2014_11_11_15_20_03    368,-976,572,9,193,672,588,1,113,141,2,2,2,711,465,435,744,759,3.0,0,0
2014_11_11_15_20_03    375,-1065,560,51,197,684,618,2,252,152,4,2,2,704,505,442,745,762,3.0,0,0
2014_11_11_15_20_03    364,-1056,568,326,330,699,676,2,242,184,2,2,1,725,558,454,746,765,3.0,0,0
2014_11_11_15_20_04    328,-926,480,341,358,702,675,1,315,124,1,2,2,720,568,456,743,766,3.0,0,0
2014_11_11_15_20_04    369,-872,528,355,378,704,680,2,353,157,1,3,3,730,566,454,743,765,3.0,0,0
2014_11_11_15_20_04    383,-1009,487,366,378,701,679,1,308,156,3,2,1,732,549,449,743,766,3.0,0,0
2014_11_11_15_20_04    376,-1048,495,355,400,703,679,2,255,149,2,2,1,726,588,447,740,768,3.0,0,0
2014_11_11_15_20_04    380,-1020,561,346,397,703,678,1,304,147,1,0,2,727,533,446,740,765,3.0,0,0
2014_11_11_15_20_04    391,-1034,528,345,396,702,679,1,278,153,1,2,1,732,526,447,740,764,3.0,0,0
2014_11_11_15_20_04    391,-1034,528,345,396,702,679,1,278,153,1,2,1,732,526,447,740,764,3.0,0,0
2014_11_11_15_20_04    360,-1002,561,354,398,703,680,2,286,146,2,1,2,736,544,446,740,764,3.0,0,0
2014_11_11_15_20_04    335,-929,572,350,401,704,681,1,241,144,1,2,2,745,540,448,740,765,3.0,0,0
2014_11_11_15_20_04    353,-996,555,352,403,703,681,2,284,142,2,2,1,750,540,447,741,765,3.0,0,0
2014_11_11_15_20_04    364,-968,579,349,402,703,684,2,328,146,2,1,2,751,559,448,741,766,3.0,0,0
2014_11_11_15_20_04    406,-985,564,351,403,703,685,2,332,146,1,2,2,752,574,449,741,765,3.0,0,0
2014_11_11_15_20_04    384,-959,560,364,402,703,684,2,344,146,1,2,2,754,555,450,743,764,3.0,0,0
2014_11_11_15_20_04    408,-991,582,372,402,702,684,2,351,146,2,2,2,756,563,448,742,764,3.0,0,0
2014_11_11_15_20_04    403,-1011,582,361,410,697,682,2,363,178,1,2,2,757,564,446,743,764,3.0,0,0
2014_11_11_15_20_04    384,-996,568,364,410,698,682,2,338,175,3,2,2,760,561,449,743,765,4.0,0,0
2014_11_11_15_20_04    359,-983,584,366,420,697,683,2,335,158,2,2,1,760,560,447,742,765,4.0,0,0
2014_11_11_15_20_04    374,-967,595,369,400,696,683,1,374,169,2,1,2,758,560,450,742,765,4.0,0,0
2014_11_11_15_20_04    371,-1024,572,370,398,697,684,1,368,174,2,1,1,763,558,448,744,765,4.0,0,0
2014_11_11_15_20_05    377,-959,590,370,396,696,683,1,377,211,1,1,1,765,560,450,742,764,4.0,0,0
2014_11_11_15_20_05    377,-959,590,370,396,696,683,1,377,211,1,1,1,765,560,450,742,764,4.0,0,0
2014_11_11_15_20_05    383,-938,595,366,399,692,668,1,374,165,0,3,2,761,541,449,742,764,4.0,0,0
2014_11_11_15_20_05    398,-1017,608,364,394,696,669,1,374,124,2,2,2,756,541,449,742,765,4.0,0,0
2014_11_11_15_20_05    371,-925,563,361,395,696,669,1,367,123,2,2,2,759,537,450,742,764,4.0,0,0
2014_11_11_15_20_05    400,-995,574,360,390,695,672,2,372,124,3,0,2,759,537,452,743,765,4.0,0,0
2014_11_11_15_20_05    396,-1042,543,354,391,693,666,2,377,115,1,1,0,759,528,446,742,763,4.0,0,0
2014_11_11_15_20_05    380,-936,563,351,387,692,671,2,365,118,1,1,2,759,524,446,739,763,4.0,0,0
2014_11_11_15_20_05    401,-993,559,311,387,694,670,2,376,113,3,2,3,759,528,446,741,763,4.0,0,0
2014_11_11_15_20_05    410,-941,574,205,380,693,676,3,371,131,2,2,3,758,535,447,741,763,4.0,0,0
2014_11_11_15_20_05    408,-951,577,205,375,691,663,2,376,119,2,2,2,760,564,448,743,762,4.0,0,0
2014_11_11_15_20_05    398,-936,585,208,376,688,669,1,387,128,2,2,3,760,542,448,743,764,4.0,0,0
2014_11_11_15_20_05    400,-1006,568,181,370,686,683,2,373,132,2,0,1,759,553,447,741,763,4.0,0,0
2014_11_11_15_20_05    409,-1056,578,202,370,685,682,1,389,148,3,2,2,761,564,448,743,764,4.0,0,0
2014_11_11_15_20_05    408,-922,558,207,380,687,683,2,367,143,2,1,2,761,593,450,742,764,4.0,0,0
2014_11_11_15_20_05    399,-925,543,197,380,687,682,2,395,123,2,2,1,760,585,448,742,764,4.0,0,0
2014_11_11_15_20_05    399,-996,556,195,386,688,682,2,389,116,2,2,2,761,607,448,742,765,4.0,0,0
2014_11_11_15_20_05    407,-964,551,202,372,686,681,2,388,138,1,4,3,755,580,448,741,762,4.0,0,0
2014_11_11_15_20_05    398,-928,571,324,372,686,670,1,398,128,2,2,3,757,554,447,741,761,4.0,0,0
2014_11_11_15_20_05    398,-928,571,324,372,686,670,1,398,128,2,2,3,757,554,447,741,761,4.0,0,0
2014_11_11_15_20_06    402,-1009,567,193,383,683,679,3,350,149,2,1,1,755,561,448,742,762,4.0,0,0
2014_11_11_15_20_06    408,-960,561,195,374,685,646,0,342,129,3,2,2,753,560,447,742,762,4.0,0,0
2014_11_11_15_20_06    403,-977,574,200,377,684,628,1,344,129,2,3,2,749,565,448,743,761,4.0,0,0
2014_11_11_15_20_06    396,-953,563,201,315,684,627,2,321,138,2,2,2,744,564,448,743,762,4.0,0,0
2014_11_11_15_20_06    382,-972,558,203,308,685,628,3,321,148,1,3,2,746,564,448,743,762,4.0,0,0
2014_11_11_15_20_06    391,-936,563,197,372,685,628,2,332,134,2,3,2,749,561,450,743,760,4.0,0,0
2014_11_11_15_20_06    396,-948,552,189,381,685,629,2,303,164,2,2,0,746,563,450,742,760,4.0,0,0
2014_11_11_15_20_06    392,-943,559,193,383,685,629,2,297,156,2,2,1,745,562,450,742,761,4.0,0,0
2014_11_11_15_20_06    411,-978,556,187,377,685,629,1,305,163,2,2,2,746,566,450,742,761,4.0,0,0
2014_11_11_15_20_06    396,-978,575,156,373,685,629,1,305,187,2,2,1,746,588,450,742,761,4.0,0,0
2014_11_11_15_20_06    400,-965,556,9,197,680,618,2,302,185,1,1,2,738,560,449,743,759,4.0,0,0
2014_11_11_15_20_06    400,-965,556,9,197,680,618,2,302,185,1,1,2,738,560,449,743,759,4.0,0,0
2014_11_11_15_20_06    374,-913,564,8,204,681,617,2,306,204,2,1,1,739,548,449,743,760,4.0,0,0
2014_11_11_15_20_06    403,-954,551,7,200,680,616,2,307,201,1,2,2,740,557,446,744,758,4.0,0,0
2014_11_11_15_20_06    430,-985,558,7,204,674,618,1,310,194,0,2,2,734,551,448,742,758,4.0,0,0
2014_11_11_15_20_06    407,-989,544,7,208,674,614,3,310,193,3,3,1,735,548,447,742,759,4.0,0,0
2014_11_11_15_20_06    415,-989,579,7,204,669,603,1,305,174,2,1,1,733,545,446,735,757,4.0,0,0
2014_11_11_15_20_06    410,-985,590,6,195,668,601,1,308,192,1,4,2,735,536,446,731,757,4.0,0,0
2014_11_11_15_20_06    400,-967,535,5,210,662,602,2,301,194,1,2,2,732,545,445,727,758,4.0,0,0
2014_11_11_15_20_07    400,-967,535,5,210,662,602,2,301,194,1,2,2,732,545,445,727,758,4.0,0,0
2014_11_11_15_20_07    393,-944,583,7,203,664,603,1,304,191,2,1,3,733,545,448,727,757,4.0,0,0
2014_11_11_15_20_07    369,-989,614,84,221,671,613,1,301,191,3,1,2,719,524,448,728,757,4.0,0,0
2014_11_11_15_20_07    380,-1025,566,331,202,672,677,2,299,145,2,2,2,721,527,457,742,761,4.0,0,0
2014_11_11_15_20_07    424,-1024,588,335,347,691,683,3,294,133,1,2,1,724,550,460,746,759,4.0,0,0
2014_11_11_15_20_07    413,-949,494,367,431,705,684,1,321,164,1,3,2,712,552,458,798,761,4.0,0,0
2014_11_11_15_20_07    369,-964,543,370,431,705,681,2,328,201,1,1,2,717,537,458,802,761,4.0,0,0
2014_11_11_15_20_07    390,-991,572,377,444,706,680,1,333,188,2,2,1,721,556,458,806,762,4.0,0,0
2014_11_11_15_20_07    376,-969,548,371,433,706,680,1,338,200,2,2,2,726,522,455,801,760,4.0,0,0
2014_11_11_15_20_07    355,-933,561,361,419,704,624,1,304,214,2,2,2,725,529,449,785,759,4.0,0,0
2014_11_11_15_20_07    393,-921,584,352,429,696,628,2,283,171,1,1,3,725,507,448,780,759,4.0,0,0
2014_11_11_15_20_07    390,-1017,584,348,417,690,630,2,273,198,1,1,2,723,541,447,780,758,4.0,0,0
2014_11_11_15_20_07    407,-970,583,347,421,694,664,1,336,197,3,1,2,731,531,452,784,758,4.0,0,0
2014_11_11_15_20_07    423,-1082,568,351,427,699,670,2,305,192,2,2,1,730,561,453,787,758,4.0,0,0
2014_11_11_15_20_07    399,-912,560,354,431,701,682,2,333,220,2,1,2,732,569,456,790,758,4.0,0,0
2014_11_11_15_20_07    414,-996,583,359,425,703,686,2,331,211,2,2,2,735,568,457,792,757,4.0,0,0
2014_11_11_15_20_07    399,-986,584,370,429,703,688,1,334,217,2,2,2,740,578,457,798,757,4.0,0,0
2014_11_11_15_20_07    399,-986,584,370,429,703,688,1,334,217,2,2,2,740,578,457,798,757,4.0,0,0
2014_11_11_15_20_07    425,-980,536,372,421,703,674,1,338,198,1,2,2,738,538,456,795,757,4.0,0,0
2014_11_11_15_20_08    457,-936,527,370,433,697,674,2,307,214,1,2,2,739,549,454,796,758,4.0,0,0
2014_11_11_15_20_08    489,-1148,551,371,435,702,686,2,351,175,1,3,2,741,565,455,796,759,4.0,0,0
2014_11_11_15_20_08    452,-978,563,374,430,703,687,2,356,163,2,1,6,738,568,457,802,758,4.0,0,0
2014_11_11_15_20_08    425,-1002,504,375,439,705,686,1,359,168,1,2,1,739,578,457,804,758,4.0,0,0
2014_11_11_15_20_08    368,-932,560,377,438,704,682,2,364,168,2,1,1,739,538,454,802,756,4.0,0,0
2014_11_11_15_20_08    368,-932,560,377,438,704,682,2,364,168,2,1,1,739,538,454,802,756,4.0,0,0
2014_11_11_15_20_08    363,-984,591,356,435,705,678,1,353,201,2,1,0,734,566,451,797,758,4.0,0,0
2014_11_11_15_20_08    361,-1016,564,350,429,705,681,0,349,179,2,1,2,739,571,452,796,757,4.0,0,0
2014_11_11_15_20_08    361,-1016,564,350,429,705,681,0,349,179,2,1,2,739,571,452,796,757,4.0,0,0
2014_11_11_15_20_08    439,-1040,568,347,435,706,681,2,312,167,1,3,2,742,582,455,797,758,4.0,0,0
2014_11_11_15_20_08    422,-1051,569,349,436,705,680,2,320,168,2,2,2,740,590,455,798,758,4.0,0,0
2014_11_11_15_20_08    408,-953,556,352,425,706,684,2,349,168,1,2,2,741,589,456,796,756,4.0,0,0
2014_11_11_15_20_08    431,-967,560,362,431,706,686,2,350,196,2,1,3,743,591,457,797,756,4.0,0,0
2014_11_11_15_20_08    431,-967,560,362,431,706,686,2,350,196,2,1,3,743,591,457,797,756,4.0,0,0
2014_11_11_15_20_08    419,-948,540,365,435,705,687,1,355,168,2,2,1,743,600,456,797,757,4.0,0,0
2014_11_11_15_20_08    407,-973,553,367,433,706,687,1,353,171,1,1,2,743,606,455,796,757,4.0,0,0
2014_11_11_15_20_08    408,-985,556,369,436,707,687,1,352,163,0,1,2,742,602,455,797,757,4.0,0,0
2014_11_11_15_20_08    415,-953,566,369,432,707,687,2,351,165,1,2,2,743,594,454,797,758,4.0,0,0
2014_11_11_15_20_08    423,-945,563,371,432,705,687,3,348,162,2,1,4,743,599,454,798,758,4.0,0,0
2014_11_11_15_20_08    412,-960,576,372,432,705,686,2,348,160,2,2,2,743,613,455,797,759,4.0,0,0
2014_11_11_15_20_09    432,-986,591,372,436,706,672,2,353,220,2,2,1,742,614,455,798,758,4.0,0,0
2014_11_11_15_20_09    432,-986,591,372,436,706,672,2,353,220,2,2,1,742,614,455,798,758,4.0,0,0
2014_11_11_15_20_09    411,-901,563,372,439,707,679,2,355,166,2,2,2,742,609,455,798,758,4.0,0,0
2014_11_11_15_20_09    411,-901,563,372,439,707,679,2,355,166,2,2,2,742,609,455,798,758,4.0,0,0
2014_11_11_15_20_09    419,-929,558,368,437,708,681,0,343,168,1,3,2,742,569,453,798,759,4.0,0,0
2014_11_11_15_20_09    441,-993,572,367,441,708,682,2,344,160,1,2,2,742,571,453,798,759,4.0,0,0
2014_11_11_15_20_09    412,-971,551,363,440,697,689,2,313,156,1,2,2,744,520,448,796,759,4.0,0,0
2014_11_11_15_20_09    414,-993,625,353,332,688,649,1,202,145,2,2,2,746,527,442,786,755,4.0,0,0
2014_11_11_15_20_09    603,-1309,607,343,327,691,644,2,205,192,2,1,1,736,546,444,782,756,4.0,0,0
2014_11_11_15_20_09    684,-1620,465,348,321,703,672,2,155,190,2,2,1,735,541,450,787,757,4.0,0,0
2014_11_11_15_20_09    377,-832,370,360,419,708,656,1,333,165,3,2,1,733,523,453,804,757,4.0,0,0
2014_11_11_15_20_09    233,-445,496,384,452,709,682,2,359,210,3,1,2,750,533,464,806,761,4.0,0,0
2014_11_11_15_20_09    499,-1287,451,388,387,714,681,1,351,180,1,1,242,774,612,458,809,767,4.0,0,0
2014_11_11_15_20_09    542,-1412,423,391,447,717,683,2,345,223,1,1,277,765,654,458,809,771,4.0,0,0
2014_11_11_15_20_09    383,-1125,411,398,404,718,692,2,364,183,2,2,275,785,718,470,807,775,4.0,0,0
2014_11_11_15_20_09    342,-916,430,410,451,723,683,1,356,175,444,2,291,805,770,507,801,779,4.0,0,0
2014_11_11_15_20_09    476,-1257,185,407,496,733,734,2,406,106,464,2,477,807,846,456,791,803,0.0,0,1
2014_11_11_15_20_09    569,-1162,31,406,561,744,736,1,508,2,484,3,520,805,872,450,782,805,0.0,0,1
2014_11_11_15_20_09    585,-993,-209,429,581,767,733,2,537,2,527,1,478,809,902,432,749,808,0.0,0,1
2014_11_11_15_20_09    577,-767,-440,409,638,759,738,2,543,2,505,42,446,818,899,423,710,815,0.0,0,1
2014_11_11_15_20_10    577,-767,-440,409,638,759,738,2,543,2,505,42,446,818,899,423,710,815,0.0,1,0
2014_11_11_15_20_10    425,-720,-412,403,689,751,737,2,529,2,497,2,343,828,874,97,689,810,0.0,1,0
2014_11_11_15_20_10    368,-831,-401,402,616,747,730,3,472,1,496,2,281,816,872,15,682,808,0.0,1,0
2014_11_11_15_20_10    360,-793,-328,395,624,729,725,1,444,0,400,1,281,814,863,12,674,809,0.0,1,0
2014_11_11_15_20_10    350,-869,-324,394,561,720,718,3,428,3,1,1,279,809,867,10,670,807,0.0,1,0
2014_11_11_15_20_10    352,-980,-298,391,585,721,717,2,424,2,396,2,274,809,874,9,669,807,0.0,1,0
2014_11_11_15_20_10    326,-983,-317,389,558,734,717,3,439,0,403,1,274,803,873,6,666,807,0.0,1,0
2014_11_11_15_20_10    331,-1005,-328,388,572,735,717,1,443,3,439,1,273,804,871,5,664,805,0.0,1,0
2014_11_11_15_20_10    348,-1049,-312,388,619,739,716,1,444,2,429,1,272,803,871,3,662,804,0.0,1,0
2014_11_11_15_20_10    344,-1005,-328,387,604,733,718,1,435,2,366,2,270,801,870,1,658,804,0.0,1,0
2014_11_11_15_20_10    323,-1009,-305,387,606,734,715,1,439,1,3,1,269,802,870,1,657,804,0.0,1,0
2014_11_11_15_20_10    327,-993,-313,386,593,741,711,2,433,0,2,2,268,802,861,2,655,802,0.0,1,0
2014_11_11_15_20_10    322,-974,-304,385,578,747,705,1,435,2,2,1,266,802,864,1,656,803,0.0,1,0
2014_11_11_15_20_10    359,-1025,-301,392,473,743,704,2,423,1,2,2,267,794,867,1,655,803,0.0,1,0
2014_11_11_15_20_10    348,-994,-244,397,514,747,710,1,426,2,2,1,266,802,867,3,653,803,0.0,1,0
2014_11_11_15_20_10    387,-1000,-192,399,517,748,711,1,427,1,1,2,265,801,866,1,652,804,0.0,1,0
2014_11_11_15_20_10    406,-1057,-218,398,507,748,708,1,423,1,4,0,257,802,866,2,652,802,0.0,1,0
2014_11_11_15_20_10    424,-1074,-97,396,510,748,699,2,427,2,1,2,253,801,863,2,649,803,0.0,1,0
2014_11_11_15_20_10    433,-1137,-89,389,506,737,704,2,422,2,1,2,248,804,864,1,647,801,0.0,1,0
2014_11_11_15_20_10    397,-1081,-41,388,478,736,697,1,419,1,2,3,244,802,861,3,646,800,0.0,1,0
2014_11_11_15_20_11    472,-1209,-53,389,491,724,705,2,405,2,2,1,247,802,861,2,645,802,0.0,1,0
2014_11_11_15_20_11    432,-1070,12,389,472,734,704,2,413,2,2,2,248,790,861,2,645,800,0.0,1,0
2014_11_11_15_20_11    398,-1076,65,389,474,729,696,2,403,2,2,0,239,794,860,2,644,800,0.0,1,0
2014_11_11_15_20_11    375,-1104,100,389,477,727,689,2,401,2,2,2,233,780,854,3,643,800,0.0,1,0
2014_11_11_15_20_11    332,-1056,132,389,465,725,653,2,373,1,2,2,202,785,856,2,643,799,0.0,1,0
2014_11_11_15_20_11    345,-1109,134,383,459,714,651,2,360,5,3,3,199,789,855,2,642,796,0.0,1,0
2014_11_11_15_20_11    351,-1116,156,382,460,732,678,2,342,1,1,3,195,789,854,1,641,799,0.0,1,0
2014_11_11_15_20_11    355,-1144,143,386,470,724,692,2,342,2,1,2,201,787,860,0,641,800,0.0,1,0
2014_11_11_15_20_11    380,-1144,143,387,500,725,687,2,347,2,2,2,202,786,858,2,640,800,0.0,1,0
2014_11_11_15_20_11    344,-1068,167,378,485,724,640,1,372,0,2,4,1,783,850,2,639,797,0.0,1,0
2014_11_11_15_20_11    329,-1057,179,377,472,723,641,3,382,1,3,4,2,780,852,2,639,792,0.0,1,0
2014_11_11_15_20_11    312,-1072,151,381,459,727,639,2,382,0,2,2,2,780,849,1,640,792,0.0,1,0
2014_11_11_15_20_11    286,-1108,116,382,491,711,632,2,376,2,2,1,195,780,853,2,639,791,0.0,1,0
2014_11_11_15_20_11    289,-1103,125,381,488,728,628,2,379,2,1,2,193,780,854,2,639,792,0.0,1,0
2014_11_11_15_20_11    287,-1055,124,386,510,730,679,2,380,2,2,2,182,779,855,2,639,793,0.0,1,0
2014_11_11_15_20_11    307,-1108,110,388,507,723,688,2,388,2,2,1,204,778,853,2,648,792,0.0,1,0
2014_11_11_15_20_11    293,-1117,116,389,524,729,695,2,376,2,2,2,214,774,854,2,647,793,0.0,1,0
2014_11_11_15_20_11    272,-1132,89,389,508,732,695,1,377,2,0,2,220,772,854,2,642,792,0.0,1,0
2014_11_11_15_20_11    280,-1127,99,391,509,731,696,2,380,2,2,2,206,774,855,2,642,794,0.0,1,0
2014_11_11_15_20_11    296,-1121,104,391,479,732,697,3,373,2,2,2,206,776,854,2,651,794,0.0,1,0
2014_11_11_15_20_12    263,-1087,102,392,478,732,694,2,374,2,1,2,203,776,855,1,654,794,0.0,1,0
2014_11_11_15_20_12    291,-1149,78,389,450,729,694,1,371,1,2,2,204,775,856,2,661,792,0.0,1,0
2014_11_11_15_20_12    287,-1103,50,391,452,730,699,2,378,2,1,2,207,776,855,3,672,793,0.0,1,0
2014_11_11_15_20_12    280,-1121,39,392,458,730,698,2,368,2,2,1,9,777,856,2,687,792,0.0,1,0
2014_11_11_15_20_12    271,-1072,20,392,451,730,704,2,364,2,2,2,2,784,857,2,691,793,0.0,1,0
2014_11_11_15_20_12    307,-1157,39,389,438,735,710,2,375,2,2,1,1,797,859,2,694,800,0.0,1,0
2014_11_11_15_20_12    248,-1112,9,391,472,733,712,1,387,1,2,2,29,801,856,2,697,806,0.0,1,0
2014_11_11_15_20_12    248,-1112,9,391,472,733,712,1,387,1,2,2,29,801,856,2,697,806,0.0,1,0
2014_11_11_15_20_12    198,-1101,-56,386,483,716,698,2,378,1,338,2,2,801,848,2,669,819,0.0,1,0
2014_11_11_15_20_12    193,-1104,-32,381,464,723,694,2,363,1,330,1,2,796,864,1,651,818,0.0,1,0
2014_11_11_15_20_12    180,-1089,-58,382,523,729,708,1,383,2,1,3,162,801,859,3,644,820,0.0,1,0
2014_11_11_15_20_12    225,-1071,-60,384,559,736,712,1,375,2,2,1,169,794,857,0,640,809,0.0,1,0
2014_11_11_15_20_12    270,-1128,-79,385,579,733,714,2,366,1,3,2,172,790,862,2,640,812,0.0,1,0
2014_11_11_15_20_12    335,-1073,-93,384,564,738,714,2,380,2,2,1,198,785,866,2,638,811,0.0,1,0
2014_11_11_15_20_12    356,-1081,-92,383,580,738,713,2,376,2,3,1,135,782,864,1,637,809,0.0,1,0
2014_11_11_15_20_12    420,-1216,-125,382,558,738,713,1,374,2,1,1,126,781,865,1,638,809,0.0,1,0
2014_11_11_15_20_12    428,-1114,-89,382,564,738,712,1,378,2,2,1,120,779,865,2,637,809,0.0,1,0
2014_11_11_15_20_12    432,-1184,-76,382,567,733,700,1,379,1,2,3,160,777,866,2,634,809,0.0,1,0
2014_11_11_15_20_12    383,-1080,-61,382,568,731,688,2,384,2,1,1,155,782,852,2,633,809,0.0,1,0
2014_11_11_15_20_12    408,-1133,-80,383,568,732,674,2,390,2,1,2,87,790,853,2,634,809,0.0,1,0
2014_11_11_15_20_13    412,-1154,-64,381,569,734,664,3,390,1,1,2,98,792,854,2,633,809,0.0,1,0
2014_11_11_15_20_13    366,-1096,-50,381,572,731,647,2,383,1,2,2,89,790,859,1,632,811,0.0,1,0
2014_11_11_15_20_13    372,-1149,-52,375,579,736,653,1,387,2,2,3,110,791,862,2,633,810,0.0,4,0
2014_11_11_15_20_13    356,-1092,-72,375,583,736,654,2,383,2,1,2,101,791,860,2,632,811,0.0,4,0
2014_11_11_15_20_13    368,-1117,-66,376,580,738,684,2,384,2,1,2,103,791,861,3,631,810,0.0,4,0
2014_11_11_15_20_13    327,-1096,-72,374,580,737,682,2,371,3,0,1,105,791,864,2,631,810,0.0,4,0
2014_11_11_15_20_13    335,-1084,-40,374,580,736,685,1,374,2,2,2,105,791,861,1,630,809,0.0,4,0
2014_11_11_15_20_13    344,-1073,-52,374,579,736,682,2,367,2,1,1,101,793,862,2,630,808,0.0,4,0
2014_11_11_15_20_13    369,-1088,-50,373,580,739,690,2,377,1,3,1,104,792,863,1,630,810,0.0,4,0
2014_11_11_15_20_13    352,-1113,-64,372,574,738,685,2,370,1,3,2,196,792,863,2,629,807,0.0,4,0
2014_11_11_15_20_13    348,-1107,-49,370,573,738,684,2,373,1,3,2,202,791,863,2,632,808,0.0,4,0
2014_11_11_15_20_13    359,-1076,-51,371,575,741,672,1,371,2,3,2,165,791,863,1,628,809,0.0,4,0
2014_11_11_15_20_13    344,-1056,-53,370,573,741,671,2,380,2,1,2,87,793,862,0,626,809,0.0,4,0
2014_11_11_15_20_13    344,-1096,-45,370,572,742,660,2,368,2,1,1,117,791,858,2,628,808,0.0,4,0
2014_11_11_15_20_13    334,-1108,-29,372,570,742,657,1,374,1,2,1,76,795,855,2,628,809,0.0,4,0
2014_11_11_15_20_13    334,-1108,-29,372,570,742,657,1,374,1,2,1,76,795,855,2,628,809,0.0,4,0
2014_11_11_15_20_13    334,-1071,-52,372,563,743,652,1,371,2,1,2,148,793,855,3,627,808,0.0,4,0
2014_11_11_15_20_13    323,-1082,-64,370,566,747,653,3,371,2,1,2,135,795,857,2,627,808,0.0,4,0
2014_11_11_15_20_13    344,-1108,-57,370,569,747,653,1,367,2,2,2,143,795,857,0,626,807,0.0,4,0
2014_11_11_15_20_13    342,-1133,-61,372,585,746,664,2,369,2,1,1,192,795,860,2,626,808,0.0,4,0
2014_11_11_15_20_14    342,-1113,-40,373,595,747,681,2,373,2,1,1,199,795,860,1,626,808,0.0,4,0
